id,ref
E65,E65
E70,E70
E75,E75
E80,E80
E662,E662
E761,E761
E763,E763
E771,E771
E851,E851
M1,M1
M1.9,M1.9
M1.10,M1.10
M1.11,M1.11
M1.12,M1.12
M1.13,M1.13
M2,M2
M3,M3
M4,M4
M5,M5
M7,M7
M7.1,M7.1
M8,M8
M9,M9
M9.1,M9.1
M14.1,M14.1
M17.1,M17.1
M18,M18
M19,M19
M19.1,M19.1
M21,M21
M21.1,M21.1
M22,M22
M22.1,M22.1
M22.2,M22.2
M22.3,M22.3
M22.9,M22.9
M23,M23
M23.1,M23.1
M24,M24
M24.1,M24.1
M25,M25
M25.1,M25.1
M25.2,M25.2
M25.3,M25.3
R100,R100
R100-a,R100-a
R100-b,R100-b
R101,R101
R101-a,R101-a
R101-b,R101-b
R102,R102
R102-a,R102-a
R103,R103
R103.1,R103.1
R103.2,R103.2
R103.3,R103.3
R103.4,R103.4
R103-a,R103-a
R103-b,R103-b
R103-v,R103-v
R104,R104
R104-a,R104-a
R105,R105
R105.1,R105.1
R105-a,R105-a
R105-b,R105-b
R106,R106
R106-a,R106-a
R106-b,R106-b
R107,R107
R107-a,R107-a
R107-b,R107-b
R108,R108
R108-a,R108-a
R108-b,R108-b
R108-c,R108-c
R109,R109
R109-a,R109-a
R109-b,R109-b
R110,R110
R110.1,R110.1
R111,R111
R112,R112
R112-a,R112-a
R112-b,R112-b
R113,R113
R113-a,R113-a
R114,R114
R114.1,R114.1
R115,R115
R115.1,R115.1
R116,R116
R117,R117
R118,R118
R118-a,R118-a
R118-b,R118-b
R119,R119
R119.1,R119.1
R119.2,R119.2
R119.3,R119.3
R119-a,R119-a
R120,R120
R121,R121
R121-a,R121-a
R122,R122
R122-a,R122-a
R122-b,R122-b
R123,R123
R123.1,R123.1
R123.2,R123.2
R123.3,R123.3
R123.4,R123.4
R123.5,R123.5
R123-a,R123-a
R124,R124
R124-a,R124-a
R124-b,R124-b
R125,R125
R125-a,R125-a
R125-b,R125-b
R126,R126
R127,R127
R127-a,R127-a
R128,R128
R129,R129
R130,R130
R153-a,R153-a
R200,R200
R200-a,R200-a
R200-b,R200-b
R200-v,R200-v
R201,R201
R201-a,R201-a
R201-b,R201-b
R202,R202
R203,R203
R203-a,R203-a
R204,R204
R205,R205
R205-a,R205-a
R205-b,R205-b
R206,R206
R206-a,R206-a
R207,R207
R208,R208
R208-a,R208-a
R209,R209
R209-a,R209-a
R210,R210
R210a,R210a
R211,R211
R211-a,R211-a
R211-b,R211-b
R212,R212
R212-a,R212-a
R212-b,R212-b
R212-v,R212-v
R213,R213
R214,R214
R214-a,R214-a
R215,R215
R215-a,R215-a
R216,R216
R217,R217
R218,R218
R218-a,R218-a
R218-b,R218-b
R219,R219
R220,R220
R221,R221
R221-a,R221-a
R221-b,R221-b
R222,R222
R223,R223
R223-a,R223-a
R224,R224
R225,R225
R225-a,R225-a
R226,R226
R227,R227
R227-a,R227-a
R227-b,R227-b
R228,R228
R229,R229
R230,R230
R231,R231
R231-a,R231-a
R232,R232
R233,R233
R234,R234
R235,R235
R236,R236
R237,R237
R238,R238
R239,R239
R239,R239
R240,R240
R241,R241
R241-a,R241-a
R242,R242
R242-a,R242-a
R242-b,R242-b
R243,R243
R244,R244
R244-a,R244-a
R245,R245
R245-a,R245-a
R246,R246
R247,R247
R247-a,R247-a
R247-b,R247-b
R248,R248
R248-a,R248-a
R249,R249
R250,R250
R251,R251
R252,R252
R253,R253
R254,R254
R255,R255
R255-a,R255-a
R256,R256
R257,R257
R258,R258
R259,R259
R259-a,R259-a
R260,R260
R261,R261
R262,R262
R264,R264
R265,R265
R266,R266
R267,R267
R268,R268
R269,R269
R270,R270
R271,R271
R273,R273
R274,R274
R275,R275
R276,R276
R277,R277
R278,R278
